"0","thetaR = tauchen_grid(N, m = sqrt(N-1), sigma, rho)"
"0","thetaR"
"1","[1]"
"1"," -0.06340751"
"1"," -0.04755564"
"1"," -0.03170376"
"1"," -0.01585188"
"1","  0.00000000"
"1","  0.01585188"
"1","  0.03170376"
"1","  0.04755564"
"1","  0.06340751"
"1","
"
